model,dataset,dataset_type,experiment,iteration,experiment_method,data_quality_dimension,data_quality_dimension_percentage,loss,categorical_accuracy,categorical_crossentropy,top_3_accuracy,top_5_accuracy,precision,recall,auc,f1_score,effective_epochs,used_data_size,actual_data_percentage_used,original_data_size,data_type,num_classes,model_type,datapoint_w,datapoint_h,dimensions,emissions_kg,duration,n_parameters,project_id,ready
FCN,BirdChicken,time_series,e11,0,uniform,completeness,1.0,0.5270524621009827,0.75,0.5270524621009827,1.0,1.0,0.75,0.75,0.8699999451637268,0.75,384,20,1.0,20,Image,2,SIMPLE_CNN,512,1,1,0.00016550698401502818,36.04918122291565,265986,89362a84-17d6-4396-b830-923177644317,True
FCN,BirdChicken,time_series,e11,0,uniform,completeness,0.9,2.478050470352173,0.5,2.478050470352173,1.0,1.0,0.5,0.5,0.3800000250339508,0.5,725,17,0.85,20,Image,2,SIMPLE_CNN,512,1,1,0.0003948491976360962,86.9843521118164,265986,53bc9a0b-a86c-4e8e-92af-0c93190bbe06,True
FCN,BirdChicken,time_series,e11,0,uniform,completeness,0.8,1.7378437519073486,0.5,1.7378437519073486,1.0,1.0,0.5,0.5,0.4624999761581421,0.5,739,16,0.8,20,Image,2,SIMPLE_CNN,512,1,1,0.0003733054115494079,83.73324489593506,265986,75f216c4-b8e8-4597-8f5c-5ae451289888,True
FCN,BirdChicken,time_series,e11,0,uniform,completeness,0.7,1.3497936725616455,0.5,1.3497936725616455,1.0,1.0,0.5,0.5,0.6624999642372131,0.5,414,14,0.7,20,Image,2,SIMPLE_CNN,512,1,1,0.00019542739499415321,43.78704333305359,265986,d5ee5cf6-7ce0-4b85-81d7-2b2a44283952,True
FCN,BirdChicken,time_series,e11,0,uniform,completeness,0.6,0.6932245492935181,0.5,0.6932245492935181,1.0,1.0,0.5,0.5,0.574999988079071,0.5,241,9,0.45,20,Image,2,SIMPLE_CNN,512,1,1,5.900753033153438e-05,13.272339105606079,265986,f641191a-8f67-4642-bcf1-e1e683c8d1ef,True
FCN,BirdChicken,time_series,e11,0,uniform,completeness,0.5,0.688421905040741,0.5,0.688421905040741,1.0,1.0,0.5,0.5,0.6649999618530273,0.5,246,5,0.25,20,Image,2,SIMPLE_CNN,512,1,1,5.691951210447411e-05,12.656233310699463,265986,148e57e4-a545-426c-bd3f-9493a9b5885a,True
FCN,BirdChicken,time_series,e11,0,uniform,completeness,0.4,0.6928933262825012,0.5,0.6928933262825012,1.0,1.0,0.5,0.5,0.5,0.5,241,6,0.3,20,Image,2,SIMPLE_CNN,512,1,1,5.768775418842611e-05,13.013222217559814,265986,b0dc02e2-9ab8-4480-a9e1-3054df8d34d6,True
FCN,BirdChicken,time_series,e11,0,uniform,completeness,0.3,0.6930173635482788,0.5,0.6930173635482788,1.0,1.0,0.5,0.5,0.5,0.5,241,7,0.35,20,Image,2,SIMPLE_CNN,512,1,1,5.597851696671005e-05,12.575660705566406,265986,17aa769c-6c1b-4b3d-a07a-eb8159ab5b12,True
FCN,BirdChicken,time_series,e11,0,uniform,completeness,0.2,0.6929821968078613,0.5,0.6929821968078613,1.0,1.0,0.5,0.5,0.550000011920929,0.5,241,7,0.35,20,Image,2,SIMPLE_CNN,512,1,1,5.810990936026754e-05,13.053403615951538,265986,8740da4a-e4e3-4b0d-a54c-43a03f9a42af,True
RESNET,BirdChicken,time_series,e11,0,uniform,completeness,1.0,16.31485939025879,0.5,16.31485939025879,1.0,1.0,0.5,0.5,0.5,0.5,306,20,1.0,20,Image,2,RESNET,512,1,1,0.00020053985623141307,40.445244789123535,506818,5454026b-be75-454c-a96a-56a72a740b8c,True
FCN,BirdChicken,time_series,e11,1,uniform,completeness,1.0,1.2550362348556519,0.6000000238418579,1.2550362348556519,1.0,1.0,0.6000000238418579,0.6000000238418579,0.7149999737739563,0.6000000238418579,352,20,1.0,20,Image,2,SIMPLE_CNN,512,1,1,0.00018649374108618418,41.71936321258545,265986,c470dd5e-8ff4-487d-ad67-6ea666dab054,True
FCN,BirdChicken,time_series,e11,1,uniform,completeness,0.9,0.8041031956672668,0.699999988079071,0.8041031956672668,1.0,1.0,0.699999988079071,0.699999988079071,0.8224999308586121,0.699999988079071,424,20,1.0,20,Image,2,SIMPLE_CNN,512,1,1,0.0001794822232915901,38.35813641548157,265986,e23202a1-e893-4d02-993f-e9551deed991,True
FCN,BirdChicken,time_series,e11,1,uniform,completeness,0.8,2.622520923614502,0.5,2.622520923614502,1.0,1.0,0.5,0.5,0.49000000953674316,0.5,534,16,0.8,20,Image,2,SIMPLE_CNN,512,1,1,0.0002813315428477385,61.52360200881958,265986,3200d707-b008-4701-93d1-02def08ac6ac,True
FCN,BirdChicken,time_series,e11,1,uniform,completeness,0.7,4.570023536682129,0.5,4.570023536682129,1.0,1.0,0.5,0.5,0.5,0.5,434,17,0.85,20,Image,2,SIMPLE_CNN,512,1,1,0.00023677426974973094,52.128570795059204,265986,7d63f591-ef8f-41bc-81e1-a0ba5a8ff953,True
FCN,BirdChicken,time_series,e11,1,uniform,completeness,0.6,4.065932273864746,0.5,4.065932273864746,1.0,1.0,0.5,0.5,0.5,0.5,594,12,0.6,20,Image,2,SIMPLE_CNN,512,1,1,0.0002592386795399818,56.89471983909607,265986,a7b229fd-278d-4720-8d7c-d5457951088c,True
FCN,BirdChicken,time_series,e11,1,uniform,completeness,0.5,0.692175567150116,0.5,0.692175567150116,1.0,1.0,0.5,0.5,0.574999988079071,0.5,242,9,0.45,20,Image,2,SIMPLE_CNN,512,1,1,6.441797485579548e-05,13.26168942451477,265986,8855fa77-dbd9-4514-aa5d-b3ac99225796,True
FCN,BirdChicken,time_series,e11,1,uniform,completeness,0.4,0.6971076130867004,0.75,0.6971076130867004,1.0,1.0,0.75,0.75,0.7375000715255737,0.75,558,11,0.55,20,Image,2,SIMPLE_CNN,512,1,1,0.00022685977602198524,50.02600169181824,265986,c7c63147-e438-475a-ae49-09fec25695b2,True
FCN,BirdChicken,time_series,e11,1,uniform,completeness,0.3,0.69495689868927,0.5,0.69495689868927,1.0,1.0,0.5,0.5,0.5,0.5,241,6,0.3,20,Image,2,SIMPLE_CNN,512,1,1,6.0483900565716655e-05,13.121277809143066,265986,1bc94541-9652-42b9-8164-843f01f10f34,True
FCN,BirdChicken,time_series,e11,1,uniform,completeness,0.2,0.6932641863822937,0.5,0.6932641863822937,1.0,1.0,0.5,0.5,0.5,0.5,241,5,0.25,20,Image,2,SIMPLE_CNN,512,1,1,5.668919641901266e-05,12.533150434494019,265986,e1584d5d-9717-4026-a2a0-e1ffbf638e52,True
RESNET,BirdChicken,time_series,e11,1,uniform,completeness,1.0,9.334104537963867,0.5,9.334104537963867,1.0,1.0,0.5,0.5,0.5,0.5,293,20,1.0,20,Image,2,RESNET,512,1,1,0.00019656046592763862,39.07683253288269,506818,420809c4-5a22-4dc5-ba9b-f5e7d99e4afb,True
RESNET,BirdChicken,time_series,e11,0,uniform,completeness,0.9,1.9228839874267578,0.5,1.9228839874267578,1.0,1.0,0.5,0.5,0.6775000095367432,0.5,211,16,0.8,20,Image,2,RESNET,512,1,1,0.0001976062403051596,40.991926431655884,506818,71cf8599-e437-4e75-9c89-46f4760a8f86,True
RESNET,BirdChicken,time_series,e11,0,uniform,completeness,0.8,2.0664305686950684,0.5,2.0664305686950684,1.0,1.0,0.5,0.5,0.6850000023841858,0.5,246,19,0.95,20,Image,2,RESNET,512,1,1,0.00025898602663181525,54.456634283065796,506818,59c4be06-edd5-49f0-9212-55dcbd4521ba,True
RESNET,BirdChicken,time_series,e11,0,uniform,completeness,0.7,1.2617508172988892,0.5,1.2617508172988892,1.0,1.0,0.5,0.5,0.7425000071525574,0.5,246,18,0.9,20,Image,2,RESNET,512,1,1,0.00024639921696598295,51.78249001502991,506818,5c9843e9-fe7b-4a51-9caf-f7c486f28b91,True
RESNET,BirdChicken,time_series,e11,0,uniform,completeness,0.6,1.6660935878753662,0.5,1.6660935878753662,1.0,1.0,0.5,0.5,0.3399999737739563,0.5,201,11,0.55,20,Image,2,RESNET,512,1,1,0.0001362428714111984,29.868985652923584,506818,16ed5c6e-6262-4471-88e5-e0e8c0348a6e,True
RESNET,BirdChicken,time_series,e11,0,uniform,completeness,0.5,3.143625497817993,0.5,3.143625497817993,1.0,1.0,0.5,0.5,0.375,0.5,210,10,0.5,20,Image,2,RESNET,512,1,1,0.00014316229519734152,29.763027667999268,506818,1f799d6a-a13b-4d50-9ab1-5df7b9325693,True
RESNET,BirdChicken,time_series,e11,0,uniform,completeness,0.4,0.686388373374939,0.5,0.686388373374939,1.0,1.0,0.5,0.5,0.6899999976158142,0.5,187,7,0.35,20,Image,2,RESNET,512,1,1,7.193942969299899e-05,14.974349975585938,506818,5231b74f-a529-48d0-8b82-73853050691f,True
RESNET,BirdChicken,time_series,e11,0,uniform,completeness,0.3,0.6935282945632935,0.5,0.6935282945632935,1.0,1.0,0.5,0.5,0.5,0.5,182,6,0.3,20,Image,2,RESNET,512,1,1,6.773186744219273e-05,14.918161630630493,506818,27f550d3-1ffe-4d43-b284-0f225bc28d67,True
RESNET,BirdChicken,time_series,e11,0,uniform,completeness,0.2,0.6932757496833801,0.5,0.6932757496833801,1.0,1.0,0.5,0.5,0.5499999523162842,0.5,181,5,0.25,20,Image,2,RESNET,512,1,1,6.680128021675477e-05,14.120307922363281,506818,3a739be5-2ff1-473c-a6ba-3437dcd76adb,True
MLP,BirdChicken,time_series,e11,0,uniform,completeness,1.0,0.662518322467804,0.550000011920929,0.662518322467804,1.0,1.0,0.550000011920929,0.550000011920929,0.6274999976158142,0.550000011920929,241,20,1.0,20,Image,2,SIMPLE_MLP,512,1,1,7.948288135023641e-05,17.712917804718018,758502,e75360cb-09a6-4c34-8275-983be566e99c,True
MLP,BirdChicken,time_series,e11,0,uniform,completeness,0.9,0.8778599500656128,0.44999998807907104,0.8778599500656128,1.0,1.0,0.44999998807907104,0.44999998807907104,0.36125001311302185,0.44999998807907104,241,16,0.8,20,Image,2,SIMPLE_MLP,512,1,1,0.00010097875582493414,22.371145486831665,758502,6fefae36-033c-41d7-b072-8d39a479e3ea,True
MLP,BirdChicken,time_series,e11,0,uniform,completeness,0.8,0.7079215049743652,0.5,0.7079215049743652,1.0,1.0,0.5,0.5,0.4925000071525574,0.5,241,17,0.85,20,Image,2,SIMPLE_MLP,512,1,1,0.00010412389252892256,23.1364586353302,758502,1c140355-444c-4378-a51b-f362e9398f6b,True
MLP,BirdChicken,time_series,e11,0,uniform,completeness,0.7,0.7183353304862976,0.5,0.7183353304862976,1.0,1.0,0.5,0.5,0.5350000262260437,0.5,241,12,0.6,20,Image,2,SIMPLE_MLP,512,1,1,8.572734197182155e-05,19.20748519897461,758502,57a77884-7793-4707-b672-3e7e27bf3d0b,True
MLP,BirdChicken,time_series,e11,0,uniform,completeness,0.6,0.7588943243026733,0.5,0.7588943243026733,1.0,1.0,0.5,0.5,0.4925000071525574,0.5,241,16,0.8,20,Image,2,SIMPLE_MLP,512,1,1,0.00010051256835002191,22.279651641845703,758502,c1628fdf-6602-4482-9238-0d90c829e0eb,True
MLP,BirdChicken,time_series,e11,0,uniform,completeness,0.5,0.739126443862915,0.5,0.739126443862915,1.0,1.0,0.5,0.5,0.36125001311302185,0.5,242,7,0.35,20,Image,2,SIMPLE_MLP,512,1,1,4.736170462832787e-05,10.66196322441101,758502,6d84fbba-e214-48c2-9c4a-08de15489920,True
MLP,BirdChicken,time_series,e11,0,uniform,completeness,0.4,0.6526665687561035,0.6499999761581421,0.6526665687561035,1.0,1.0,0.6499999761581421,0.6499999761581421,0.7100000381469727,0.6499999761581421,852,8,0.4,20,Image,2,SIMPLE_MLP,512,1,1,0.00015786503343916223,35.55574321746826,758502,df34ad62-1d58-4df5-a2a5-1f7ba60861b1,True
MLP,BirdChicken,time_series,e11,0,uniform,completeness,0.3,1.4914522171020508,0.5,1.4914522171020508,1.0,1.0,0.5,0.5,0.54749995470047,0.5,2000,3,0.15,20,Image,2,SIMPLE_MLP,512,1,1,0.00037592337065581416,84.77014827728271,758502,26310a57-bc7d-4d07-8b66-171dcab7d63a,True
MLP,BirdChicken,time_series,e11,0,uniform,completeness,0.2,1.2570860385894775,0.44999998807907104,1.2570860385894775,1.0,1.0,0.44999998807907104,0.44999998807907104,0.42500001192092896,0.44999998807907104,2000,2,0.1,20,Image,2,SIMPLE_MLP,512,1,1,0.000374798705336963,84.5661268234253,758502,0a8bdcfc-1248-43c3-a96a-13550e000ae6,True
FCN,BirdChicken,time_series,e11,2,uniform,completeness,1.0,0.6973921060562134,0.6499999761581421,0.6973921060562134,1.0,1.0,0.6499999761581421,0.6499999761581421,0.8125,0.6499999761581421,361,20,1.0,20,Image,2,SIMPLE_CNN,512,1,1,0.00015144264649647615,32.5321729183197,265986,88a78ea2-ccac-4bb7-bf33-4bc9c0f65d85,True
FCN,BirdChicken,time_series,e11,2,uniform,completeness,0.9,3.2875442504882812,0.5,3.2875442504882812,1.0,1.0,0.5,0.5,0.4424999952316284,0.5,366,16,0.8,20,Image,2,SIMPLE_CNN,512,1,1,0.00019280161239354106,42.24890875816345,265986,8b4de390-0ebe-4b3c-8bdc-d7680876d1fc,True
FCN,BirdChicken,time_series,e11,2,uniform,completeness,0.8,2.9230759143829346,0.5,2.9230759143829346,1.0,1.0,0.5,0.5,0.42750000953674316,0.5,643,17,0.85,20,Image,2,SIMPLE_CNN,512,1,1,0.0003455146874373265,75.45991730690002,265986,184a6216-0299-4536-9609-2dc1eb280212,True
FCN,BirdChicken,time_series,e11,2,uniform,completeness,0.7,1.3798558712005615,0.5,1.3798558712005615,1.0,1.0,0.5,0.5,0.42500001192092896,0.5,554,10,0.5,20,Image,2,SIMPLE_CNN,512,1,1,0.00021516643015644525,46.71893930435181,265986,5bc57519-20e3-428d-835a-5c6c0f7595ea,True
FCN,BirdChicken,time_series,e11,2,uniform,completeness,0.6,0.9387580156326294,0.5,0.9387580156326294,1.0,1.0,0.5,0.5,0.7200000286102295,0.5,387,13,0.65,20,Image,2,SIMPLE_CNN,512,1,1,0.00017707958500311912,38.648590087890625,265986,8952820a-595a-490b-8aa5-918a66b5c903,True
FCN,BirdChicken,time_series,e11,2,uniform,completeness,0.5,0.6935430765151978,0.5,0.6935430765151978,1.0,1.0,0.5,0.5,0.5249999761581421,0.5,241,9,0.45,20,Image,2,SIMPLE_CNN,512,1,1,5.87853469612611e-05,12.932891368865967,265986,bc621147-108a-49e1-9a97-0b04f8ab2f10,True
FCN,BirdChicken,time_series,e11,2,uniform,completeness,0.4,0.6930114030838013,0.5,0.6930114030838013,1.0,1.0,0.5,0.5,0.5,0.5,241,6,0.3,20,Image,2,SIMPLE_CNN,512,1,1,5.82201748924442e-05,12.323930501937866,265986,1f175331-48f0-4f50-afb7-f3c4de70aa77,True
FCN,BirdChicken,time_series,e11,2,uniform,completeness,0.3,0.6927844285964966,0.6000000238418579,0.6927844285964966,1.0,1.0,0.6000000238418579,0.6000000238418579,0.5,0.6000000238418579,241,8,0.4,20,Image,2,SIMPLE_CNN,512,1,1,5.9251747552589525e-05,13.133862018585205,265986,84d2075d-1b34-4509-99f4-df673da94080,True
FCN,BirdChicken,time_series,e11,2,uniform,completeness,0.2,0.692888617515564,0.5,0.692888617515564,1.0,1.0,0.5,0.5,0.5,0.5,241,5,0.25,20,Image,2,SIMPLE_CNN,512,1,1,5.685835558151703e-05,12.227594375610352,265986,0a5714ad-caf5-4ff3-a893-6766a5cd9282,True
RESNET,BirdChicken,time_series,e11,2,uniform,completeness,1.0,2.1809563636779785,0.5,2.1809563636779785,1.0,1.0,0.5,0.5,0.6749999523162842,0.5,235,20,1.0,20,Image,2,RESNET,512,1,1,0.0001538298059539436,32.08734679222107,506818,7a25f513-fe50-4c9e-92ae-a39958442751,True
RESNET,BirdChicken,time_series,e11,1,uniform,completeness,0.9,2.440500020980835,0.5,2.440500020980835,1.0,1.0,0.5,0.5,0.5949999690055847,0.5,1000,18,0.9,20,Image,2,RESNET,512,1,1,0.0009761552874713525,204.84186935424805,506818,65619f64-2bce-4104-b7a9-87b29aed7d4d,True
RESNET,BirdChicken,time_series,e11,1,uniform,completeness,0.8,1.9959951639175415,0.5,1.9959951639175415,1.0,1.0,0.5,0.5,0.26999998092651367,0.5,197,16,0.8,20,Image,2,RESNET,512,1,1,0.0001842966295068288,38.22846031188965,506818,c4641793-0abb-4727-83ca-f0a21369e45a,True
RESNET,BirdChicken,time_series,e11,1,uniform,completeness,0.7,2.836167097091675,0.5,2.836167097091675,1.0,1.0,0.5,0.5,0.574999988079071,0.5,214,18,0.9,20,Image,2,RESNET,512,1,1,0.00021533929225153826,44.92089033126831,506818,763b1ae5-3f26-4826-a0bc-1f2763c11c75,True
RESNET,BirdChicken,time_series,e11,1,uniform,completeness,0.6,0.689983069896698,0.5,0.689983069896698,1.0,1.0,0.5,0.5,0.7250000238418579,0.5,188,9,0.45,20,Image,2,RESNET,512,1,1,7.592710502851615e-05,15.038799524307251,506818,e3d36b36-d003-4ca1-854a-1260ca17e02f,True
RESNET,BirdChicken,time_series,e11,1,uniform,completeness,0.5,0.6905500292778015,0.5,0.6905500292778015,1.0,1.0,0.5,0.5,0.675000011920929,0.5,184,9,0.45,20,Image,2,RESNET,512,1,1,7.207159280588211e-05,15.717055797576904,506818,7b6cc65a-c5fd-4d95-9d2d-f9a6b8aae223,True
RESNET,BirdChicken,time_series,e11,1,uniform,completeness,0.4,0.6933997273445129,0.5,0.6933997273445129,1.0,1.0,0.5,0.5,0.5,0.5,181,6,0.3,20,Image,2,RESNET,512,1,1,6.555332261449838e-05,13.892829656600952,506818,7da48220-65c7-4dd9-af74-335d5b3ab9ae,True
RESNET,BirdChicken,time_series,e11,1,uniform,completeness,0.3,0.6964114904403687,0.5,0.6964114904403687,1.0,1.0,0.5,0.5,0.550000011920929,0.5,182,8,0.4,20,Image,2,RESNET,512,1,1,7.289303860430018e-05,14.802931070327759,506818,d255ebdf-2149-4f5f-8b64-1530a1f29254,True
RESNET,BirdChicken,time_series,e11,1,uniform,completeness,0.2,0.6516018509864807,0.6000000238418579,0.6516018509864807,1.0,1.0,0.6000000238418579,0.6000000238418579,0.7287499904632568,0.6000000238418579,190,4,0.2,20,Image,2,RESNET,512,1,1,6.47999984396171e-05,14.474933862686157,506818,f1792516-6bf3-4a2c-8124-14d1cd4a8a7e,True
MLP,BirdChicken,time_series,e11,1,uniform,completeness,1.0,0.9455582499504089,0.44999998807907104,0.9455582499504089,1.0,1.0,0.44999998807907104,0.44999998807907104,0.4375000298023224,0.44999998807907104,286,20,1.0,20,Image,2,SIMPLE_MLP,512,1,1,9.071459580805346e-05,20.1416015625,758502,6374aff7-eb7d-4001-9a3f-4dff55d595b1,True
MLP,BirdChicken,time_series,e11,1,uniform,completeness,0.9,0.8249616622924805,0.3499999940395355,0.8249616622924805,1.0,1.0,0.3499999940395355,0.3499999940395355,0.4300000071525574,0.3499999940395355,241,18,0.9,20,Image,2,SIMPLE_MLP,512,1,1,0.00010537625632720085,23.5711190700531,758502,9b7a6396-f5ad-4747-aa7b-5510dbfc7573,True
MLP,BirdChicken,time_series,e11,1,uniform,completeness,0.8,0.7779370546340942,0.5,0.7779370546340942,1.0,1.0,0.5,0.5,0.5249999761581421,0.5,241,16,0.8,20,Image,2,SIMPLE_MLP,512,1,1,9.799221572209746e-05,21.96780824661255,758502,5e3fea69-cae3-4df0-b5a0-df17e4bb1377,True
MLP,BirdChicken,time_series,e11,1,uniform,completeness,0.7,0.7696325182914734,0.44999998807907104,0.7696325182914734,1.0,1.0,0.44999998807907104,0.44999998807907104,0.42875000834465027,0.44999998807907104,241,14,0.7,20,Image,2,SIMPLE_MLP,512,1,1,9.28805053255238e-05,20.706631660461426,758502,86a1a5a5-0dc5-405a-9bce-16d780f14f87,True
MLP,BirdChicken,time_series,e11,1,uniform,completeness,0.6,0.7368839979171753,0.5,0.7368839979171753,1.0,1.0,0.5,0.5,0.5625,0.5,241,12,0.6,20,Image,2,SIMPLE_MLP,512,1,1,8.355420387680572e-05,18.551186561584473,758502,4e6f7964-3be9-4ad3-81dd-609e6b141eae,True
MLP,BirdChicken,time_series,e11,1,uniform,completeness,0.5,0.7837477922439575,0.44999998807907104,0.7837477922439575,1.0,1.0,0.44999998807907104,0.44999998807907104,0.3737500011920929,0.44999998807907104,241,10,0.5,20,Image,2,SIMPLE_MLP,512,1,1,7.47682318133876e-05,16.69460678100586,758502,653e69e4-e158-42fc-8d08-640e095d79aa,True
MLP,BirdChicken,time_series,e11,1,uniform,completeness,0.4,0.6699739694595337,0.5,0.6699739694595337,1.0,1.0,0.5,0.5,0.5762500166893005,0.5,241,6,0.3,20,Image,2,SIMPLE_MLP,512,1,1,4.772795334893378e-05,10.74454379081726,758502,1d11666f-8527-4f57-9116-f6e05cb88646,True
FCN,BirdChicken,time_series,e11,3,uniform,completeness,1.0,1.1581634283065796,0.6000000238418579,1.1581634283065796,1.0,1.0,0.6000000238418579,0.6000000238418579,0.7487500905990601,0.6000000238418579,341,20,1.0,20,Image,2,SIMPLE_CNN,512,1,1,0.0001857045695863583,41.64354968070984,265986,3f91fea9-863f-458b-89b5-195882cfe2d9,True
FCN,BirdChicken,time_series,e11,3,uniform,completeness,0.9,10.534836769104004,0.5,10.534836769104004,1.0,1.0,0.5,0.5,0.5,0.5,632,17,0.85,20,Image,2,SIMPLE_CNN,512,1,1,0.00034633749116568175,76.66966271400452,265986,af577447-9ac3-43cd-9a1e-e0e0bb94cef5,True
FCN,BirdChicken,time_series,e11,3,uniform,completeness,0.8,20.217044830322266,0.5,20.217044830322266,1.0,1.0,0.5,0.5,0.5,0.5,578,18,0.9,20,Image,2,SIMPLE_CNN,512,1,1,0.00032094418311704397,72.8504090309143,265986,4a9e537a-71fa-4093-9806-00146bad6b6e,True
FCN,BirdChicken,time_series,e11,3,uniform,completeness,0.7,1.5222965478897095,0.5,1.5222965478897095,1.0,1.0,0.5,0.5,0.6699999570846558,0.5,433,15,0.75,20,Image,2,SIMPLE_CNN,512,1,1,0.00021827069693592285,49.11085057258606,265986,08ab54e4-0839-44dd-8a4b-9bf4bf336fb6,True
FCN,BirdChicken,time_series,e11,3,uniform,completeness,0.6,5.622921943664551,0.5,5.622921943664551,1.0,1.0,0.5,0.5,0.42500001192092896,0.5,444,17,0.85,20,Image,2,SIMPLE_CNN,512,1,1,0.00024019180355589267,54.65262699127197,265986,6ce59121-46d8-4b81-81e4-49652d08cf12,True
FCN,BirdChicken,time_series,e11,3,uniform,completeness,0.5,0.6933736801147461,0.5,0.6933736801147461,1.0,1.0,0.5,0.5,0.5,0.5,241,8,0.4,20,Image,2,SIMPLE_CNN,512,1,1,6.210067221807534e-05,14.26205587387085,265986,5799da80-b927-43e1-a435-3703cf48cd42,True
FCN,BirdChicken,time_series,e11,3,uniform,completeness,0.4,0.8908480405807495,0.5,0.8908480405807495,1.0,1.0,0.5,0.5,0.25,0.5,303,4,0.2,20,Image,2,SIMPLE_CNN,512,1,1,6.989492818291503e-05,15.949785470962524,265986,77ef4e1f-3c49-4c74-950d-c3f681a1b7ef,True
FCN,BirdChicken,time_series,e11,3,uniform,completeness,0.3,0.6937987208366394,0.5,0.6937987208366394,1.0,1.0,0.5,0.5,0.5,0.5,241,5,0.25,20,Image,2,SIMPLE_CNN,512,1,1,5.5208727533262575e-05,12.797814130783081,265986,cb6d4129-9365-4822-8b0f-bd9f4c789c05,True
FCN,BirdChicken,time_series,e11,3,uniform,completeness,0.2,0.6936903595924377,0.5,0.6936903595924377,1.0,1.0,0.5,0.5,0.5,0.5,241,5,0.25,20,Image,2,SIMPLE_CNN,512,1,1,5.7150707918447034e-05,12.750670671463013,265986,0a8f4f51-ee5b-4df6-a431-d53ad6fa1eba,True
RESNET,BirdChicken,time_series,e11,3,uniform,completeness,1.0,3.151149272918701,0.550000011920929,3.151149272918701,1.0,1.0,0.550000011920929,0.550000011920929,0.6025000810623169,0.550000011920929,274,20,1.0,20,Image,2,RESNET,512,1,1,0.00018475928271855627,38.097055435180664,506818,c7cdae66-f828-4db2-8909-02097480a9b8,True
RESNET,BirdChicken,time_series,e11,2,uniform,completeness,0.9,2.6435534954071045,0.5,2.6435534954071045,1.0,1.0,0.5,0.5,0.4975000023841858,0.5,220,15,0.75,20,Image,2,RESNET,512,1,1,0.0001925042215217646,41.31362962722778,506818,31f55f08-0601-4b26-a130-2aa236521940,True
RESNET,BirdChicken,time_series,e11,2,uniform,completeness,0.8,1.0629814863204956,0.5,1.0629814863204956,1.0,1.0,0.5,0.5,0.7325000762939453,0.5,217,19,0.95,20,Image,2,RESNET,512,1,1,0.00023212048573470102,50.52323651313782,506818,53a096ad-94f5-4b24-8196-76abbfbacdc9,True
RESNET,BirdChicken,time_series,e11,2,uniform,completeness,0.7,3.3318588733673096,0.5,3.3318588733673096,1.0,1.0,0.5,0.5,0.46000000834465027,0.5,1000,15,0.75,20,Image,2,RESNET,512,1,1,0.0009295126790159848,204.79662251472473,506818,9f97d3ca-614c-415d-bc6b-4663fae402ed,True
RESNET,BirdChicken,time_series,e11,2,uniform,completeness,0.6,3.8061084747314453,0.5,3.8061084747314453,1.0,1.0,0.5,0.5,0.5,0.5,233,17,0.85,20,Image,2,RESNET,512,1,1,0.00022205311699512707,47.95104932785034,506818,0f6cb129-ffea-4248-8c2d-567fdaea75f4,True
RESNET,BirdChicken,time_series,e11,2,uniform,completeness,0.5,0.6833096742630005,0.5,0.6833096742630005,1.0,1.0,0.5,0.5,0.7124999761581421,0.5,187,9,0.45,20,Image,2,RESNET,512,1,1,6.81299475956464e-05,15.555135726928711,506818,ea670f14-93e6-4c03-a450-adf6511a18b9,True
RESNET,BirdChicken,time_series,e11,2,uniform,completeness,0.4,0.6925064921379089,0.5,0.6925064921379089,1.0,1.0,0.5,0.5,0.6150000095367432,0.5,183,4,0.2,20,Image,2,RESNET,512,1,1,6.33730674379362e-05,14.477867364883423,506818,419aa149-756d-464d-a723-c65ecc8d3d4d,True
RESNET,BirdChicken,time_series,e11,2,uniform,completeness,0.3,0.691055178642273,0.5,0.691055178642273,1.0,1.0,0.5,0.5,0.6000000238418579,0.5,183,5,0.25,20,Image,2,RESNET,512,1,1,6.411262406476663e-05,14.784627914428711,506818,5ccce9c1-fb0f-4cc4-85ff-1035b7ea7752,True
FCN,BirdChicken,time_series,e11,4,uniform,completeness,1.0,0.8228753805160522,0.6499999761581421,0.8228753805160522,1.0,1.0,0.6499999761581421,0.6499999761581421,0.7912499308586121,0.6499999761581421,336,20,1.0,20,Image,2,SIMPLE_CNN,512,1,1,0.00018796277173917543,41.43281555175781,265986,5e127e84-0e8b-4961-8cc2-798b5b01afa8,True
FCN,BirdChicken,time_series,e11,4,uniform,completeness,0.9,0.7674155831336975,0.6499999761581421,0.7674155831336975,1.0,1.0,0.6499999761581421,0.6499999761581421,0.8199999332427979,0.6499999761581421,365,20,1.0,20,Image,2,SIMPLE_CNN,512,1,1,0.00015587793158799098,33.80576848983765,265986,18c900ee-8afd-4fd2-ab1b-2297ac7f530e,True
FCN,BirdChicken,time_series,e11,4,uniform,completeness,0.8,6.277998924255371,0.5,6.277998924255371,1.0,1.0,0.5,0.5,0.5,0.5,731,14,0.7,20,Image,2,SIMPLE_CNN,512,1,1,0.0003492347455816812,76.69768404960632,265986,341de3b7-719d-4091-ae59-f1b4d4b4f824,True
FCN,BirdChicken,time_series,e11,4,uniform,completeness,0.7,2.8280701637268066,0.5,2.8280701637268066,1.0,1.0,0.5,0.5,0.4350000023841858,0.5,321,14,0.7,20,Image,2,SIMPLE_CNN,512,1,1,0.00015879313074163321,34.2043342590332,265986,15d2d314-6a33-44ea-8fe8-4ff9d1a39250,True
FCN,BirdChicken,time_series,e11,4,uniform,completeness,0.6,2.243502140045166,0.5,2.243502140045166,1.0,1.0,0.5,0.5,0.5800000429153442,0.5,483,12,0.6,20,Image,2,SIMPLE_CNN,512,1,1,0.00020829845733595764,45.529433488845825,265986,3e68a2fc-1cfb-4e9e-8032-64603ceb64a9,True
FCN,BirdChicken,time_series,e11,4,uniform,completeness,0.5,0.6932448148727417,0.5,0.6932448148727417,1.0,1.0,0.5,0.5,0.5249999761581421,0.5,241,7,0.35,20,Image,2,SIMPLE_CNN,512,1,1,6.074360406933286e-05,13.431899785995483,265986,5ec087dd-987f-48bd-8d50-0d9cf71bf91a,True
FCN,BirdChicken,time_series,e11,4,uniform,completeness,0.4,0.6933948993682861,0.5,0.6933948993682861,1.0,1.0,0.5,0.5,0.5,0.5,241,7,0.35,20,Image,2,SIMPLE_CNN,512,1,1,5.852736622592074e-05,12.744898796081543,265986,09f88b20-478c-4bd7-b425-393fd0794758,True
FCN,BirdChicken,time_series,e11,4,uniform,completeness,0.3,0.693230152130127,0.5,0.693230152130127,1.0,1.0,0.5,0.5,0.4750000238418579,0.5,241,5,0.25,20,Image,2,SIMPLE_CNN,512,1,1,5.656722421713914e-05,12.59017014503479,265986,abe9c0a2-6927-4758-81d0-c653b8fbeb72,True
FCN,BirdChicken,time_series,e11,4,uniform,completeness,0.2,0.6928359866142273,0.5,0.6928359866142273,1.0,1.0,0.5,0.5,0.5,0.5,241,3,0.15,20,Image,2,SIMPLE_CNN,512,1,1,5.7761424025232865e-05,12.857653141021729,265986,723a607c-2b39-4eba-a429-e7755109b173,True
RESNET,BirdChicken,time_series,e11,4,uniform,completeness,1.0,3.0665974617004395,0.550000011920929,3.0665974617004395,1.0,1.0,0.550000011920929,0.550000011920929,0.6124999523162842,0.550000011920929,257,20,1.0,20,Image,2,RESNET,512,1,1,0.00017912286243364396,35.32339143753052,506818,91f06695-e0c8-41db-89af-226e5a53f250,True
RESNET,BirdChicken,time_series,e11,3,uniform,completeness,0.9,1.453713059425354,0.5,1.453713059425354,1.0,1.0,0.5,0.5,0.5674999356269836,0.5,228,19,0.95,20,Image,2,RESNET,512,1,1,0.00024281807503498667,51.082087993621826,506818,3191b686-a525-4b43-8a0c-4e9434ebf88a,True
RESNET,BirdChicken,time_series,e11,3,uniform,completeness,0.8,2.8431005477905273,0.5,2.8431005477905273,1.0,1.0,0.5,0.5,0.25,0.5,208,15,0.75,20,Image,2,RESNET,512,1,1,0.0001884285132252322,38.63110685348511,506818,4f083384-08ed-46a3-826d-6a6477220830,True
RESNET,BirdChicken,time_series,e11,3,uniform,completeness,0.7,2.3918707370758057,0.5,2.3918707370758057,1.0,1.0,0.5,0.5,0.5049999952316284,0.5,207,15,0.75,20,Image,2,RESNET,512,1,1,0.00018153186487118172,37.91111183166504,506818,0272f50b-8d53-4c19-8417-b18efecb7045,True
RESNET,BirdChicken,time_series,e11,3,uniform,completeness,0.6,2.3808557987213135,0.5,2.3808557987213135,1.0,1.0,0.5,0.5,0.6949999928474426,0.5,1000,14,0.7,20,Image,2,RESNET,512,1,1,0.0009693917805285763,205.31201004981995,506818,3bb6d41d-3ad8-4f3d-afe5-f3f6c332da5b,True
RESNET,BirdChicken,time_series,e11,3,uniform,completeness,0.5,1.2663606405258179,0.699999988079071,1.2663606405258179,1.0,1.0,0.699999988079071,0.699999988079071,0.5200000405311584,0.699999988079071,505,9,0.45,20,Image,2,RESNET,512,1,1,0.00017555921102973,37.72168231010437,506818,8a8aa7fb-b8e5-42ac-b7cb-f17e3745c3f3,True
RESNET,BirdChicken,time_series,e11,3,uniform,completeness,0.4,0.6919845342636108,0.5,0.6919845342636108,1.0,1.0,0.5,0.5,0.7124999761581421,0.5,187,3,0.15,20,Image,2,RESNET,512,1,1,6.356015601505361e-05,13.98358678817749,506818,d9cff4a6-8ba4-4af0-a029-1c1b090be41c,True
RESNET,BirdChicken,time_series,e11,3,uniform,completeness,0.3,0.6925798654556274,0.5,0.6925798654556274,1.0,1.0,0.5,0.5,0.574999988079071,0.5,181,4,0.2,20,Image,2,RESNET,512,1,1,6.479587531906166e-05,14.384780883789062,506818,58081976-50fa-4b7a-af52-dd5ea5edfdf4,True
RESNET,BirdChicken,time_series,e11,2,uniform,completeness,0.2,4.790327548980713,0.5,4.790327548980713,1.0,1.0,0.5,0.5,0.5,0.5,1000,5,0.25,20,Image,2,RESNET,512,1,1,0.0003271017713357214,71.31339359283447,506818,7ed174b6-b68f-43a9-a67a-2b242d87f5a3,True
MLP,BirdChicken,time_series,e11,2,uniform,completeness,1.0,0.7322366237640381,0.550000011920929,0.7322366237640381,1.0,1.0,0.550000011920929,0.550000011920929,0.4599999785423279,0.550000011920929,241,20,1.0,20,Image,2,SIMPLE_MLP,512,1,1,8.057492012938941e-05,17.791606903076172,758502,42b7b568-c9ae-4c34-8292-97e87baa7d00,True
MLP,BirdChicken,time_series,e11,2,uniform,completeness,0.9,0.7562685012817383,0.44999998807907104,0.7562685012817383,1.0,1.0,0.44999998807907104,0.44999998807907104,0.3725000023841858,0.44999998807907104,241,18,0.9,20,Image,2,SIMPLE_MLP,512,1,1,0.00011044884569899206,24.280071258544922,758502,63e68f0f-3559-4b74-92f3-61503e06942f,True
MLP,BirdChicken,time_series,e11,2,uniform,completeness,0.8,0.756298840045929,0.5,0.756298840045929,1.0,1.0,0.5,0.5,0.4750000238418579,0.5,241,17,0.85,20,Image,2,SIMPLE_MLP,512,1,1,0.00010579810853882381,23.198013067245483,758502,16e44c29-ce12-4576-b17d-94dd31c207ec,True
MLP,BirdChicken,time_series,e11,2,uniform,completeness,0.7,0.8053935170173645,0.4000000059604645,0.8053935170173645,1.0,1.0,0.4000000059604645,0.4000000059604645,0.42000001668930054,0.40000003576278687,241,17,0.85,20,Image,2,SIMPLE_MLP,512,1,1,0.00010570568514252001,23.593461513519287,758502,862cffd3-be26-4e30-9505-a4200e5250fe,True
MLP,BirdChicken,time_series,e11,2,uniform,completeness,0.6,1.9485912322998047,0.5,1.9485912322998047,1.0,1.0,0.5,0.5,0.5962499976158142,0.5,2000,14,0.7,20,Image,2,SIMPLE_MLP,512,1,1,0.0009157415423611402,203.40093731880188,758502,635e3083-7782-4c2f-977a-b36c7fc8314f,True
MLP,BirdChicken,time_series,e11,2,uniform,completeness,0.5,0.7829726338386536,0.5,0.7829726338386536,1.0,1.0,0.5,0.5,0.3999999761581421,0.5,241,10,0.5,20,Image,2,SIMPLE_MLP,512,1,1,7.669797387162057e-05,17.115620851516724,758502,0bce1493-2597-47af-a332-bdac7eebac64,True
MLP,BirdChicken,time_series,e11,2,uniform,completeness,0.4,0.6451101899147034,0.6000000238418579,0.6451101899147034,1.0,1.0,0.6000000238418579,0.6000000238418579,0.6649999618530273,0.6000000238418579,241,12,0.6,20,Image,2,SIMPLE_MLP,512,1,1,8.409653473776088e-05,18.771321058273315,758502,ac9f0343-3bdd-4021-adfd-ee7e93e3ad28,True
MLP,BirdChicken,time_series,e11,1,uniform,completeness,0.3,1.0060354471206665,0.5,1.0060354471206665,1.0,1.0,0.5,0.5,0.6124999523162842,0.5,2000,5,0.25,20,Image,2,SIMPLE_MLP,512,1,1,0.0003818863370032292,85.45368218421936,758502,97e73272-3cc0-4453-a9c2-c9ccec82ecb1,True
MLP,BirdChicken,time_series,e11,1,uniform,completeness,0.2,0.8029352426528931,0.4000000059604645,0.8029352426528931,1.0,1.0,0.4000000059604645,0.4000000059604645,0.4424999952316284,0.40000003576278687,241,6,0.3,20,Image,2,SIMPLE_MLP,512,1,1,4.763612348950193e-05,10.65447473526001,758502,5206d4ae-a80b-4fad-923d-00eecd96b4d1,True
RESNET,BirdChicken,time_series,e11,4,uniform,completeness,0.9,6.714267730712891,0.5,6.714267730712891,1.0,1.0,0.5,0.5,0.5,0.5,245,20,1.0,20,Image,2,RESNET,512,1,1,0.0001688167963687295,33.012821435928345,506818,197cc4d9-2027-4d81-be38-3100f04c1af0,True
RESNET,BirdChicken,time_series,e11,4,uniform,completeness,0.8,2.568899154663086,0.5,2.568899154663086,1.0,1.0,0.5,0.5,0.44999998807907104,0.5,246,16,0.8,20,Image,2,RESNET,512,1,1,0.0002216727619457873,46.217416286468506,506818,27cd20b5-40d2-47c8-b214-653e74f7c831,True
RESNET,BirdChicken,time_series,e11,4,uniform,completeness,0.7,2.2621138095855713,0.5,2.2621138095855713,1.0,1.0,0.5,0.5,0.3100000023841858,0.5,207,14,0.7,20,Image,2,RESNET,512,1,1,0.00017303609665677048,36.10544729232788,506818,9795b946-d2c6-4635-bb7d-37e8542b977e,True
RESNET,BirdChicken,time_series,e11,4,uniform,completeness,0.6,0.9114112854003906,0.5,0.9114112854003906,1.0,1.0,0.5,0.5,0.64000004529953,0.5,235,11,0.55,20,Image,2,RESNET,512,1,1,0.0001623058574438992,33.180962324142456,506818,b6b87482-170f-4f25-9e72-29fdd9f2987a,True
RESNET,BirdChicken,time_series,e11,4,uniform,completeness,0.5,3.6177010536193848,0.5,3.6177010536193848,1.0,1.0,0.5,0.5,0.5,0.5,1000,12,0.6,20,Image,2,RESNET,512,1,1,0.000959447991542993,205.18559002876282,506818,c66a99bb-b14b-40e2-858c-04dfe98faa45,True
RESNET,BirdChicken,time_series,e11,4,uniform,completeness,0.4,0.7021207809448242,0.5,0.7021207809448242,1.0,1.0,0.5,0.5,0.5,0.5,181,5,0.25,20,Image,2,RESNET,512,1,1,6.239991322089183e-05,13.784393310546875,506818,cc6b7b0e-b5fd-4101-ae85-0a176dd7d486,True
RESNET,BirdChicken,time_series,e11,4,uniform,completeness,0.3,0.6949278712272644,0.5,0.6949278712272644,1.0,1.0,0.5,0.5,0.5475000143051147,0.5,181,4,0.2,20,Image,2,RESNET,512,1,1,6.176951553198834e-05,13.592303037643433,506818,b0eb575c-1a58-4290-87e3-7e45499efb6c,True
RESNET,BirdChicken,time_series,e11,3,uniform,completeness,0.2,0.7008506655693054,0.5,0.7008506655693054,1.0,1.0,0.5,0.5,0.4599999785423279,0.5,186,7,0.35,20,Image,2,RESNET,512,1,1,6.928071543515985e-05,15.076102495193481,506818,37d5a5c0-5f7e-460e-9eab-2bb4ef2dc936,True
MLP,BirdChicken,time_series,e11,3,uniform,completeness,1.0,0.6917005777359009,0.5,0.6917005777359009,1.0,1.0,0.5,0.5,0.53125,0.5,241,20,1.0,20,Image,2,SIMPLE_MLP,512,1,1,7.656597260301987e-05,17.009379148483276,758502,a78ddf34-9cd6-4963-b7bd-d70cb83e82a4,True
MLP,BirdChicken,time_series,e11,3,uniform,completeness,0.9,0.7830556631088257,0.5,0.7830556631088257,1.0,1.0,0.5,0.5,0.4649999737739563,0.5,241,18,0.9,20,Image,2,SIMPLE_MLP,512,1,1,0.00010814768799664794,23.82717728614807,758502,00f8b636-65d4-4eb3-bc21-89f1d6742eb0,True
MLP,BirdChicken,time_series,e11,3,uniform,completeness,0.8,0.7530873417854309,0.30000001192092896,0.7530873417854309,1.0,1.0,0.30000001192092896,0.30000001192092896,0.3512499928474426,0.30000001192092896,241,19,0.95,20,Image,2,SIMPLE_MLP,512,1,1,0.0001147070900676809,25.306047201156616,758502,6601a0c4-5eba-42f9-bb68-1e396822f93b,True
MLP,BirdChicken,time_series,e11,3,uniform,completeness,0.7,0.8072285652160645,0.5,0.8072285652160645,1.0,1.0,0.5,0.5,0.49000000953674316,0.5,241,12,0.6,20,Image,2,SIMPLE_MLP,512,1,1,8.30943657569441e-05,18.418477296829224,758502,1704c574-b90d-43c4-8555-8a208e762641,True
MLP,BirdChicken,time_series,e11,3,uniform,completeness,0.6,0.7857951521873474,0.5,0.7857951521873474,1.0,1.0,0.5,0.5,0.5124999284744263,0.5,241,8,0.4,20,Image,2,SIMPLE_MLP,512,1,1,4.715437218780363e-05,10.521835327148438,758502,22991a59-088d-4cc0-bb20-9123e6f89142,True
MLP,BirdChicken,time_series,e11,3,uniform,completeness,0.5,1.0593013763427734,0.550000011920929,1.0593013763427734,1.0,1.0,0.550000011920929,0.550000011920929,0.6199999451637268,0.550000011920929,2000,9,0.45,20,Image,2,SIMPLE_MLP,512,1,1,0.0006393040484174444,142.9578890800476,758502,7840dd03-cfa3-4b6b-94fc-60f45f100fa6,True
MLP,BirdChicken,time_series,e11,3,uniform,completeness,0.4,0.9226487874984741,0.5,0.9226487874984741,1.0,1.0,0.5,0.5,0.3799999952316284,0.5,241,10,0.5,20,Image,2,SIMPLE_MLP,512,1,1,7.881990158949903e-05,17.463859796524048,758502,684223cc-e147-4c7a-b1b0-d91011066b1b,True
MLP,BirdChicken,time_series,e11,2,uniform,completeness,0.3,0.8973167538642883,0.5,0.8973167538642883,1.0,1.0,0.5,0.5,0.5849999785423279,0.5,2000,4,0.2,20,Image,2,SIMPLE_MLP,512,1,1,0.0003707229503615471,82.84901809692383,758502,7caa67e4-3fb0-47b7-94c8-37c821b671eb,True
MLP,BirdChicken,time_series,e11,2,uniform,completeness,0.2,0.6795291304588318,0.5,0.6795291304588318,1.0,1.0,0.5,0.5,0.5774999856948853,0.5,594,5,0.25,20,Image,2,SIMPLE_MLP,512,1,1,0.00011064149422911141,24.759756088256836,758502,f226a633-c163-40c1-813e-56e72e335f9e,True
RESNET,BirdChicken,time_series,e11,4,uniform,completeness,0.2,0.6934057474136353,0.5,0.6934057474136353,1.0,1.0,0.5,0.5,0.5,0.5,181,4,0.2,20,Image,2,RESNET,512,1,1,6.386288907064506e-05,14.107375621795654,506818,5fbbd453-1bc7-4e2d-b732-3f62d5aa66b1,True
MLP,BirdChicken,time_series,e11,4,uniform,completeness,1.0,0.7275446653366089,0.5,0.7275446653366089,1.0,1.0,0.5,0.5,0.47749996185302734,0.5,241,20,1.0,20,Image,2,SIMPLE_MLP,512,1,1,7.777083762269352e-05,17.320870876312256,758502,906aa405-f929-4330-b229-13b842481d7a,True
MLP,BirdChicken,time_series,e11,4,uniform,completeness,0.9,0.8165502548217773,0.5,0.8165502548217773,1.0,1.0,0.5,0.5,0.3700000047683716,0.5,241,17,0.85,20,Image,2,SIMPLE_MLP,512,1,1,0.00010306779101757365,22.93523597717285,758502,1fd4ec9f-8468-45f8-9c46-3314c390b873,True
MLP,BirdChicken,time_series,e11,4,uniform,completeness,0.8,0.7373734712600708,0.5,0.7373734712600708,1.0,1.0,0.5,0.5,0.5375000238418579,0.5,241,17,0.85,20,Image,2,SIMPLE_MLP,512,1,1,0.00010620824820205878,23.52603816986084,758502,beaa902e-2b51-4578-ba0a-c8b9b4d1272b,True
MLP,BirdChicken,time_series,e11,4,uniform,completeness,0.7,0.8394725918769836,0.5,0.8394725918769836,1.0,1.0,0.5,0.5,0.4974999725818634,0.5,241,14,0.7,20,Image,2,SIMPLE_MLP,512,1,1,9.23932372310471e-05,20.33234214782715,758502,bceb8a03-cd3b-4b98-bf33-bb578a455a43,True
MLP,BirdChicken,time_series,e11,4,uniform,completeness,0.6,0.8926676511764526,0.5,0.8926676511764526,1.0,1.0,0.5,0.5,0.45749998092651367,0.5,241,12,0.6,20,Image,2,SIMPLE_MLP,512,1,1,8.259722262100401e-05,18.441004991531372,758502,11721161-f219-4b33-afdd-bb2ec00f56c5,True
MLP,BirdChicken,time_series,e11,4,uniform,completeness,0.5,0.7060470581054688,0.5,0.7060470581054688,1.0,1.0,0.5,0.5,0.5274999737739563,0.5,241,11,0.55,20,Image,2,SIMPLE_MLP,512,1,1,7.937547899021275e-05,17.52342391014099,758502,45e36785-1fa6-4abb-aa0f-cdb527a70db8,True
MLP,BirdChicken,time_series,e11,4,uniform,completeness,0.4,0.6514212489128113,0.550000011920929,0.6514212489128113,1.0,1.0,0.550000011920929,0.550000011920929,0.6524999737739563,0.550000011920929,241,12,0.6,20,Image,2,SIMPLE_MLP,512,1,1,8.456935613632217e-05,18.879610538482666,758502,683287b1-001e-431b-8693-e22521555a84,True
MLP,BirdChicken,time_series,e11,3,uniform,completeness,0.3,0.7245713472366333,0.6499999761581421,0.7245713472366333,1.0,1.0,0.6499999761581421,0.6499999761581421,0.5387499928474426,0.6499999761581421,241,7,0.35,20,Image,2,SIMPLE_MLP,512,1,1,4.720587932062767e-05,10.51775336265564,758502,ad5fa348-8513-4c6e-9bd1-26b3ec95438b,True
MLP,BirdChicken,time_series,e11,3,uniform,completeness,0.2,1.1871460676193237,0.5,1.1871460676193237,1.0,1.0,0.5,0.5,0.5400000214576721,0.5,2000,2,0.1,20,Image,2,SIMPLE_MLP,512,1,1,0.00037918205812244576,84.83715462684631,758502,b564ac2f-4455-4b8e-8e00-e53a848e4d9c,True
MLP,BirdChicken,time_series,e11,4,uniform,completeness,0.3,0.6502398252487183,0.699999988079071,0.6502398252487183,1.0,1.0,0.699999988079071,0.699999988079071,0.7150000333786011,0.699999988079071,241,4,0.2,20,Image,2,SIMPLE_MLP,512,1,1,4.898155910336016e-05,10.957048654556274,758502,08ded5e3-4e97-4965-984e-3922a9ac64e0,True
MLP,BirdChicken,time_series,e11,4,uniform,completeness,0.2,1.0995444059371948,0.6000000238418579,1.0995444059371948,1.0,1.0,0.6000000238418579,0.6000000238418579,0.6775000691413879,0.6000000238418579,2000,6,0.3,20,Image,2,SIMPLE_MLP,512,1,1,0.0003707832585479862,82.95900964736938,758502,96831afa-8426-436d-ab66-494731a61b93,True
